id,naslov,zanr,reziser,glavni_glumac,zemlja
182,Amores Perros,Drama,Alejandro G. IÃ±Ã¡rritu,Emilio EchevarrÃ­a,Mexico
184,Pan's Labyrinth,Fantasy,Guillermo del Toro,Ivana Baquero,Spain
105,Fight Club,Drama,David Fincher,Brad Pitt,USA
107,Interstellar,Sci-Fi,Christopher Nolan,Matthew McConaughey,USA
106,The Matrix,Sci-Fi,Lana Wachowski,Keanu Reeves,USA
108,Gladiator,Action,Ridley Scott,Russell Crowe,USA
241,Se7en,Crime,David Fincher,Morgan Freeman,USA
243,Million Dollar Baby,Drama,Clint Eastwood,Hilary Swank,USA
298,The Treasure of the Sierra Madre,Adventure,John Huston,Humphrey Bogart,USA
101,Inception,Sci-Fi,Christopher Nolan,Leonardo DiCaprio,USA
103,The Dark Knight,Action,Christopher Nolan,Christian Bale,USA
102,Pulp Fiction,Crime,Quentin Tarantino,John Travolta,USA
104,Forrest Gump,Drama,Robert Zemeckis,Tom Hanks,USA
178,AmÃ©lie,Comedy,Jean-Pierre Jeunet,Audrey Tautou,France
180,La Haine,Drama,Mathieu Kassovitz,Vincent Cassel,France
209,Life is Beautiful,Comedy,Roberto Benigni,Roberto Benigni,Italy
210,The Best of Youth,Drama,Marco Tullio Giordana,Luigi Lo Cascio,Italy
212,Yi Yi,Drama,Edward Yang,Nien-Jen Wu,Taiwan
233,Good Will Hunting,Drama,Gus Van Sant,Robin Williams,USA
235,The Truman Show,Comedy,Peter Weir,Jim Carrey,USA
234,The Departed,Crime,Martin Scorsese,Leonardo DiCaprio,USA
236,The Prestige,Mystery,Christopher Nolan,Christian Bale,USA
258,Pan's Labyrinth,Fantasy,Guillermo del Toro,Ivana Baquero,Spain
260,Parasite,Thriller,Bong Joon-ho,Song Kang-ho,South Korea
215,Farewell My Concubine,Drama,Kaige Chen,Leslie Cheung,China
214,Raise the Red Lantern,Drama,Yimou Zhang,Li Gong,China
216,To Live,Drama,Yimou Zhang,You Ge,China
239,Catch Me If You Can,Biography,Steven Spielberg,Leonardo DiCaprio,USA
238,Million Dollar Baby,Drama,Clint Eastwood,Hilary Swank,USA
317,The Treasure of the Sierra Madre,Adventure,John Huston,Humphrey Bogart,USA
325,Django Unchained,Drama,Quentin Tarantino,Jamie Foxx,USA
113,Schindler's List,Biography,Steven Spielberg,Liam Neeson,USA
115,The Lion King,Animation,Roger Allers,Matthew Broderick,USA
114,The Green Mile,Crime,Frank Darabont,Tom Hanks,USA
116,The Godfather: Part II,Crime,Francis Ford Coppola,Al Pacino,USA
9,The Matrix,Sci-Fi,Lana Wachowski,Keanu Reeves,USA
11,Fight Club,Drama,David Fincher,Brad Pitt,USA
10,Goodfellas,Crime,Martin Scorsese,Robert De Niro,USA
12,Interstellar,Sci-Fi,Christopher Nolan,Matthew McConaughey,USA
67,Casino,Crime,Martin Scorsese,Robert De Niro,USA
66,Shutter Island,Mystery,Martin Scorsese,Leonardo DiCaprio,USA
147,12 Years a Slave,Biography,Steve McQueen,Chiwetel Ejiofor,USA
221,Spirited Away,Animation,Hayao Miyazaki,Rumi Hiiragi,Japan
222,Rashomon,Crime,Akira Kurosawa,ToshirÃ´ Mifune,Japan
225,There Will Be Blood,Drama,Paul Thomas Anderson,Daniel Day-Lewis,USA
169,Seven Samurai,Adventure,Akira Kurosawa,Toshiro Mifune,Japan
171,Oldboy,Mystery,Park Chan-wook,Choi Min-sik,South Korea
170,Parasite,Thriller,Bong Joon-ho,Song Kang-ho,South Korea
172,Life is Beautiful,Comedy,Roberto Benigni,Roberto Benigni,Italy
153,Braveheart,Biography,Mel Gibson,Mel Gibson,USA
156,The Silence of the Lambs,Crime,Jonathan Demme,Jodie Foster,USA
55,12 Years a Slave,Biography,Steve McQueen,Chiwetel Ejiofor,USA
245,Gran Torino,Drama,Clint Eastwood,Clint Eastwood,USA
247,Into the Wild,Adventure,Sean Penn,Emile Hirsch,USA
248,No Country for Old Men,Crime,Ethan Coen,Tommy Lee Jones,USA
73,A Beautiful Mind,Biography,Ron Howard,Russell Crowe,USA
75,The Grand Budapest Hotel,Comedy,Wes Anderson,Ralph Fiennes,Germany
74,The Lives of Others,Drama,Florian Henckel von Donnersmarck,Ulrich MÃ¼he,Germany
29,Spirited Away,Animation,Hayao Miyazaki,Rumi Hiiragi,Japan
31,Whiplash,Drama,Damien Chazelle,Miles Teller,USA
30,Parasite,Thriller,Bong Joon Ho,Song Kang-ho,South Korea
32,The Intouchables,Biography,Olivier Nakache,FranÃ§ois Cluzet,France
307,Django Unchained,Drama,Quentin Tarantino,Jamie Foxx,USA
5,Pulp Fiction,Crime,Quentin Tarantino,John Travolta,USA
7,Forrest Gump,Drama,Robert Zemeckis,Tom Hanks,USA
6,The Lord of the Rings: The Return of the King,Adventure,Peter Jackson,Elijah Wood,New Zealand
8,Inception,Sci-Fi,Christopher Nolan,Leonardo DiCaprio,USA
229,Eternal Sunshine of the Spotless Mind,Drama,Michel Gondry,Jim Carrey,USA
231,The Sixth Sense,Drama,M. Night Shyamalan,Bruce Willis,USA
230,American History X,Drama,Tony Kaye,Edward Norton,USA
330,For a Few Dollars More,Western,Sergio Leone,Clint Eastwood,Italy
61,The Sixth Sense,Drama,M. Night Shyamalan,Bruce Willis,USA
63,The Big Lebowski,Comedy,Joel Coen,Jeff Bridges,USA
62,Heat,Crime,Michael Mann,Al Pacino,USA
64,Million Dollar Baby,Drama,Clint Eastwood,Hilary Swank,USA
96,Parasite,Thriller,Bong Joon Ho,Song Kang-ho,South Korea
151,A Beautiful Mind,Biography,Ron Howard,Russell Crowe,USA
152,American Beauty,Drama,Sam Mendes,Kevin Spacey,USA
195,AmÃ©lie,Comedy,Jean-Pierre Jeunet,Audrey Tautou,France
194,The Intouchables,Biography,Olivier Nakache,FranÃ§ois Cluzet,France
261,Oldboy,Mystery,Park Chan-wook,Choi Min-sik,South Korea
263,Spirited Away,Animation,Hayao Miyazaki,Rumi Hiiragi,Japan
45,In the Mood for Love,Romance,Wong Kar-wai,Tony Chiu-Wai Leung,Hong Kong
42,Joker,Crime,Todd Phillips,Joaquin Phoenix,USA
275,Chungking Express,Drama,Kar-Wai Wong,Brigitte Lin,Hong Kong
137,The Truman Show,Comedy,Peter Weir,Jim Carrey,USA
138,Mad Max: Fury Road,Action,George Miller,Tom Hardy,USA
21,American History X,Drama,Tony Kaye,Edward Norton,USA
23,The Lord of the Rings: The Fellowship of the Ring,Adventure,Peter Jackson,Elijah Wood,New Zealand
22,The Usual Suspects,Crime,Bryan Singer,Kevin Spacey,USA
24,Star Wars: Episode V - The Empire Strikes Back,Sci-Fi,Irvin Kershner,Mark Hamill,USA
25,The Lord of the Rings: The Two Towers,Adventure,Peter Jackson,Elijah Wood,New Zealand
27,Good Will Hunting,Drama,Gus Van Sant,Matt Damon,USA
26,One Flew Over the Cuckoo's Nest,Drama,Milos Forman,Jack Nicholson,USA
28,Eternal Sunshine of the Spotless Mind,Romance,Michel Gondry,Jim Carrey,USA
189,The Lives of Others,Drama,Florian Henckel von Donnersmarck,Ulrich MÃ¼he,Germany
191,Metropolis,Drama,Fritz Lang,Gustav FrÃ¶hlich,Germany
190,Downfall,Drama,Oliver Hirschbiegel,Bruno Ganz,Germany
173,Cinema Paradiso,Drama,Giuseppe Tornatore,Philippe Noiret,Italy
175,Elite Squad,Action,JosÃ© Padilha,Wagner Moura,Brazil
174,City of God,Crime,Fernando Meirelles,Alexandre Rodrigues,Brazil
176,Pan's Labyrinth,Fantasy,Guillermo del Toro,Ivana Baquero,Spain
59,No Country for Old Men,Crime,Ethan Coen,Tommy Lee Jones,USA
165,The Deer Hunter,Drama,Michael Cimino,Robert De Niro,USA
167,One Flew Over the Cuckoo's Nest,Drama,Milos Forman,Jack Nicholson,USA
166,Rocky,Drama,John G. Avildsen,Sylvester Stallone,USA
168,Spirited Away,Animation,Hayao Miyazaki,Rumi Hiiragi,Japan
157,Platoon,Drama,Oliver Stone,Charlie Sheen,USA
158,Amadeus,Biography,Milos Forman,F. Murray Abraham,USA
277,The Act of Killing,Documentary,Joshua Oppenheimer,Anwar Congo,Indonesia
279,Yojimbo,Action,Akira Kurosawa,ToshirÃ´ Mifune,Japan
280,The Man Who Shot Liberty Valance,Drama,John Ford,James Stewart,USA
133,Whiplash,Drama,Damien Chazelle,Miles Teller,USA
135,Shutter Island,Mystery,Martin Scorsese,Leonardo DiCaprio,USA
134,The Wolf of Wall Street,Biography,Martin Scorsese,Leonardo DiCaprio,USA
136,No Country for Old Men,Crime,Joel Coen,Tommy Lee Jones,USA
267,Seven Samurai,Adventure,Akira Kurosawa,Toshiro Mifune,Japan
266,Rashomon,Crime,Akira Kurosawa,ToshirÃ´ Mifune,Japan
268,Your Name,Animation,Makoto Shinkai,RyÃ»nosuke Kamiki,Japan
37,WALL-E,Animation,Andrew Stanton,Ben Burtt,USA
39,Mad Max: Fury Road,Action,George Miller,Tom Hardy,Australia
38,The Wolf of Wall Street,Biography,Martin Scorsese,Leonardo DiCaprio,USA
40,The Truman Show,Drama,Peter Weir,Jim Carrey,USA
51,The Grand Budapest Hotel,Comedy,Wes Anderson,Ralph Fiennes,Germany
201,The Secret in Their Eyes,Crime,Juan JosÃ© Campanella,Ricardo DarÃ­n,Argentina
203,City of God,Crime,Fernando Meirelles,Alexandre Rodrigues,Brazil
202,Wild Tales,Comedy,DamiÃ¡n Szifron,Ricardo DarÃ­n,Argentina
204,Elite Squad,Action,JosÃ© Padilha,Wagner Moura,Brazil
186,The Lives of Others,Drama,Florian Henckel von Donnersmarck,Ulrich MÃ¼he,Germany
122,Django Unchained,Western,Quentin Tarantino,Jamie Foxx,USA
123,Inglourious Basterds,Drama,Quentin Tarantino,Brad Pitt,USA
17,The Prestige,Drama,Christopher Nolan,Hugh Jackman,USA
19,Gladiator,Action,Ridley Scott,Russell Crowe,USA
18,The Departed,Crime,Martin Scorsese,Leonardo DiCaprio,USA
20,The Lion King,Animation,Roger Allers,Matthew Broderick,USA
129,Dunkirk,War,Christopher Nolan,Fionn Whitehead,UK
130,The Grand Budapest Hotel,Comedy,Wes Anderson,Ralph Fiennes,USA
289,Once Upon a Time in the West,Western,Sergio Leone,Henry Fonda,Italy
291,Django Unchained,Drama,Quentin Tarantino,Jamie Foxx,USA
290,The Good the Bad and the Ugly,Western,Sergio Leone,Clint Eastwood,Italy
249,The Pianist,Biography,Roman Polanski,Adrien Brody,Poland
251,The Secret in Their Eyes,Crime,Juan JosÃ© Campanella,Ricardo DarÃ­n,Argentina
250,The Lives of Others,Drama,Florian Henckel von Donnersmarck,Ulrich MÃ¼he,Germany
252,AmÃ©lie,Comedy,Jean-Pierre Jeunet,Audrey Tautou,France
281,Unforgiven,Western,Clint Eastwood,Clint Eastwood,USA
97,The Lord of the Rings: The Fellowship of the Ring,Adventure,Peter Jackson,Elijah Wood,New Zealand
99,The Lord of the Rings: The Return of the King,Adventure,Peter Jackson,Elijah Wood,New Zealand
98,The Lord of the Rings: The Two Towers,Adventure,Peter Jackson,Elijah Wood,New Zealand
100,The Shawshank Redemption,Drama,Frank Darabont,Tim Robbins,USA
197,Amores Perros,Drama,Alejandro G. IÃ±Ã¡rritu,Emilio EchevarrÃ­a,Mexico
199,Pan's Labyrinth,Fantasy,Guillermo del Toro,Ivana Baquero,Spain
1,The Shawshank Redemption,Drama,Frank Darabont,Tim Robbins,USA
3,The Dark Knight,Action,Christopher Nolan,Christian Bale,USA
2,The Godfather,Crime,Francis Ford Coppola,Marlon Brando,USA
4,Schindler's List,Biography,Steven Spielberg,Liam Neeson,USA
312,For a Few Dollars More,Western,Sergio Leone,Clint Eastwood,Italy
117,The Sixth Sense,Drama,M. Night Shyamalan,Bruce Willis,USA
119,The Departed,Crime,Martin Scorsese,Leonardo DiCaprio,USA
118,Saving Private Ryan,Drama,Steven Spielberg,Tom Hanks,USA
120,The Prestige,Mystery,Christopher Nolan,Christian Bale,USA
111,Jurassic Park,Adventure,Steven Spielberg,Sam Neill,USA
112,The Godfather,Crime,Francis Ford Coppola,Marlon Brando,USA
313,Once Upon a Time in the West,Western,Sergio Leone,Henry Fonda,Italy
314,The Good the Bad and the Ugly,Western,Sergio Leone,Clint Eastwood,Italy
271,Infernal Affairs,Crime,Andrew Lau,Andy Lau,Hong Kong
272,In the Mood for Love,Drama,Kar-Wai Wong,Tony Chiu-Wai Leung,Hong Kong
71,1917,War,Sam Mendes,Dean-Charles Chapman,UK
70,The Truman Show,Drama,Peter Weir,Jim Carrey,USA
72,The Help,Drama,Tate Taylor,Emma Stone,USA
33,Back to the Future,Sci-Fi,Robert Zemeckis,Michael J. Fox,USA
35,The Dark Knight Rises,Action,Christopher Nolan,Christian Bale,USA
34,The Pianist,Biography,Roman Polanski,Adrien Brody,France
36,Django Unchained,Western,Quentin Tarantino,Jamie Foxx,USA
253,The Secret in Their Eyes,Crime,Juan JosÃ© Campanella,Ricardo DarÃ­n,Argentina
254,City of God,Crime,Fernando Meirelles,Alexandre Rodrigues,Brazil
256,Amores Perros,Drama,Alejandro G. IÃ±Ã¡rritu,Emilio EchevarrÃ­a,Mexico
144,Spotlight,Crime,Tom McCarthy,Mark Ruffalo,USA
13,The Green Mile,Drama,Frank Darabont,Tom Hanks,USA
15,The Silence of the Lambs,Thriller,Jonathan Demme,Jodie Foster,USA
14,Se7en,Crime,David Fincher,Brad Pitt,USA
16,Saving Private Ryan,War,Steven Spielberg,Tom Hanks,USA
293,Once Upon a Time in America,Crime,Sergio Leone,Robert De Niro,Italy
294,Unforgiven,Western,Clint Eastwood,Clint Eastwood,USA
