id_bioskopa,bioskop,grad,kapacitet
12,Cinegrad,Beograd,490
22,CinePrestige,Krusevac,490
1,CineStar,Zagreb,250
13,Vilingrad,Novi Sad,490
16,Sutjeska,Caccak,480
6,CineStar,Split,240
3,Cineplexx,Novi Sad,280
20,Cineplex,Beograd,500
5,Cineplexx,Podgorica,260
19,Vojvodina,Subotica,480
15,Cinegrad,Subotica,200
17,Cinegrand,Pristina,490
9,Cinegrad,Zagreb,250
4,CineStar,Sarajevo,220
8,Cineplexx,Zagreb,250
23,CineScape,Subotica,500
7,CineStar,Osijek,230
10,Vilingrad,Beograd,300
24,CinePlaza,Pristina,480
21,ViliCinema,Novi Sad,480
11,Cinegrad,Split,240
14,Vilingrad,Nis,480
2,Cineplexx,Beograd,300
18,Kupina,Krusevac,500
